{
  "session_info": {
    "session_folder": "simulation_20250916_133644",
    "start_time": "2025-09-16T13:36:47.900577",
    "duration_seconds": 8.33354663848877,
    "total_frames": 30,
    "fps": 3.599907854531464,
    "mode": "simulation"
  },
  "analysis_results": {
    "average_score": 90.0,
    "average_confidence": 0.7,
    "dominant_emotion": "confident",
    "emotion_distribution": {
      "confident": 30
    },
    "score_range": {
      "min": 90,
      "max": 90
    }
  },
  "recommendations": [
    "훌륭한 면접 표정입니다! 현재 상태를 유지하세요."
  ],
  "frame_data": [
    {
      "frame_number": 1,
      "timestamp": 1757997412.2857854,
      "emotion": "confident",
      "confidence": 0.7,
      "score": 90,
      "details": {
        "eye_width": 0.06705991189960028,
        "mouth_width": 0.1171902131620185,
        "mouth_height": 0.0004201135545783167,
        "eyebrow_height": -0.06425414234399796,
        "all_scores": {
          "happy": 0.4,
          "sad": 0.3,
          "angry": 0.0,
          "surprised": 0.4,
          "neutral": 0.0,
          "confident": 0.7
        }
      }
    },
    {
      "frame_number": 2,
      "timestamp": 1757997412.3887503,
      "emotion": "confident",
      "confidence": 0.7,
      "score": 90,
      "details": {
        "eye_width": 0.06705991189960028,
        "mouth_width": 0.1171902131620185,
        "mouth_height": 0.0004201135545783167,
        "eyebrow_height": -0.06425414234399796,
        "all_scores": {
          "happy": 0.4,
          "sad": 0.3,
          "angry": 0.0,
          "surprised": 0.4,
          "neutral": 0.0,
          "confident": 0.7
        }
      }
    },
    {
      "frame_number": 3,
      "timestamp": 1757997412.4902008,
      "emotion": "confident",
      "confidence": 0.7,
      "score": 90,
      "details": {
        "eye_width": 0.06705991189960028,
        "mouth_width": 0.1171902131620185,
        "mouth_height": 0.0004201135545783167,
        "eyebrow_height": -0.06425414234399796,
        "all_scores": {
          "happy": 0.4,
          "sad": 0.3,
          "angry": 0.0,
          "surprised": 0.4,
          "neutral": 0.0,
          "confident": 0.7
        }
      }
    },
    {
      "frame_number": 4,
      "timestamp": 1757997412.5914173,
      "emotion": "confident",
      "confidence": 0.7,
      "score": 90,
      "details": {
        "eye_width": 0.06705991189960028,
        "mouth_width": 0.1171902131620185,
        "mouth_height": 0.0004201135545783167,
        "eyebrow_height": -0.06425414234399796,
        "all_scores": {
          "happy": 0.4,
          "sad": 0.3,
          "angry": 0.0,
          "surprised": 0.4,
          "neutral": 0.0,
          "confident": 0.7
        }
      }
    },
    {
      "frame_number": 5,
      "timestamp": 1757997412.6926608,
      "emotion": "confident",
      "confidence": 0.7,
      "score": 90,
      "details": {
        "eye_width": 0.06705991189960028,
        "mouth_width": 0.1171902131620185,
        "mouth_height": 0.0004201135545783167,
        "eyebrow_height": -0.06425414234399796,
        "all_scores": {
          "happy": 0.4,
          "sad": 0.3,
          "angry": 0.0,
          "surprised": 0.4,
          "neutral": 0.0,
          "confident": 0.7
        }
      }
    },
    {
      "frame_number": 6,
      "timestamp": 1757997412.7940328,
      "emotion": "confident",
      "confidence": 0.7,
      "score": 90,
      "details": {
        "eye_width": 0.06705991189960028,
        "mouth_width": 0.1171902131620185,
        "mouth_height": 0.0004201135545783167,
        "eyebrow_height": -0.06425414234399796,
        "all_scores": {
          "happy": 0.4,
          "sad": 0.3,
          "angry": 0.0,
          "surprised": 0.4,
          "neutral": 0.0,
          "confident": 0.7
        }
      }
    },
    {
      "frame_number": 7,
      "timestamp": 1757997412.8952897,
      "emotion": "confident",
      "confidence": 0.7,
      "score": 90,
      "details": {
        "eye_width": 0.06705991189960028,
        "mouth_width": 0.1171902131620185,
        "mouth_height": 0.0004201135545783167,
        "eyebrow_height": -0.06425414234399796,
        "all_scores": {
          "happy": 0.4,
          "sad": 0.3,
          "angry": 0.0,
          "surprised": 0.4,
          "neutral": 0.0,
          "confident": 0.7
        }
      }
    },
    {
      "frame_number": 8,
      "timestamp": 1757997412.9965606,
      "emotion": "confident",
      "confidence": 0.7,
      "score": 90,
      "details": {
        "eye_width": 0.06705991189960028,
        "mouth_width": 0.1171902131620185,
        "mouth_height": 0.0004201135545783167,
        "eyebrow_height": -0.06425414234399796,
        "all_scores": {
          "happy": 0.4,
          "sad": 0.3,
          "angry": 0.0,
          "surprised": 0.4,
          "neutral": 0.0,
          "confident": 0.7
        }
      }
    },
    {
      "frame_number": 9,
      "timestamp": 1757997413.0978863,
      "emotion": "confident",
      "confidence": 0.7,
      "score": 90,
      "details": {
        "eye_width": 0.06705991189960028,
        "mouth_width": 0.1171902131620185,
        "mouth_height": 0.0004201135545783167,
        "eyebrow_height": -0.06425414234399796,
        "all_scores": {
          "happy": 0.4,
          "sad": 0.3,
          "angry": 0.0,
          "surprised": 0.4,
          "neutral": 0.0,
          "confident": 0.7
        }
      }
    },
    {
      "frame_number": 10,
      "timestamp": 1757997413.1991842,
      "emotion": "confident",
      "confidence": 0.7,
      "score": 90,
      "details": {
        "eye_width": 0.06705991189960028,
        "mouth_width": 0.1171902131620185,
        "mouth_height": 0.0004201135545783167,
        "eyebrow_height": -0.06425414234399796,
        "all_scores": {
          "happy": 0.4,
          "sad": 0.3,
          "angry": 0.0,
          "surprised": 0.4,
          "neutral": 0.0,
          "confident": 0.7
        }
      }
    },
    {
      "frame_number": 11,
      "timestamp": 1757997414.1023374,
      "emotion": "confident",
      "confidence": 0.7,
      "score": 90,
      "details": {
        "eye_width": 0.06705991189960028,
        "mouth_width": 0.1171902131620185,
        "mouth_height": 0.0004201135545783167,
        "eyebrow_height": -0.06425414234399796,
        "all_scores": {
          "happy": 0.4,
          "sad": 0.3,
          "angry": 0.0,
          "surprised": 0.4,
          "neutral": 0.0,
          "confident": 0.7
        }
      }
    },
    {
      "frame_number": 12,
      "timestamp": 1757997414.2043755,
      "emotion": "confident",
      "confidence": 0.7,
      "score": 90,
      "details": {
        "eye_width": 0.06705991189960028,
        "mouth_width": 0.1171902131620185,
        "mouth_height": 0.0004201135545783167,
        "eyebrow_height": -0.06425414234399796,
        "all_scores": {
          "happy": 0.4,
          "sad": 0.3,
          "angry": 0.0,
          "surprised": 0.4,
          "neutral": 0.0,
          "confident": 0.7
        }
      }
    },
    {
      "frame_number": 13,
      "timestamp": 1757997414.306669,
      "emotion": "confident",
      "confidence": 0.7,
      "score": 90,
      "details": {
        "eye_width": 0.06705991189960028,
        "mouth_width": 0.1171902131620185,
        "mouth_height": 0.0004201135545783167,
        "eyebrow_height": -0.06425414234399796,
        "all_scores": {
          "happy": 0.4,
          "sad": 0.3,
          "angry": 0.0,
          "surprised": 0.4,
          "neutral": 0.0,
          "confident": 0.7
        }
      }
    },
    {
      "frame_number": 14,
      "timestamp": 1757997414.408657,
      "emotion": "confident",
      "confidence": 0.7,
      "score": 90,
      "details": {
        "eye_width": 0.06705991189960028,
        "mouth_width": 0.1171902131620185,
        "mouth_height": 0.0004201135545783167,
        "eyebrow_height": -0.06425414234399796,